index	title	year	author	DOI	venue
1	'It Is Not Always Discovery Time': Four Pragmatic Approaches in Designing AI Systems	2022	Windl, Maximiliane and Feger, Sebastian S. and Zijlstra, Lara and Schmidt, Albrecht and Wozniak, Pawel W.	10.1145/3491102.3501943	CHI
2	'Keeping our Faith Alive': Investigating Buddhism Practice during COVID-19 to Inform Design for the Online Community Practice of Faith	2023	Claisse, Caroline and Durrant, Abigail C	10.1145/3544548.3581177	CHI
3	'She's Just My Life': Digital Design to Support Women's Self-Other Care in Relationships with their Mothers	2022	Morrissey, Kellie and Peelo, Doireann and Warren, Steve	10.1145/3491102.3517611	CHI
4	"And This, Kids, Is How I Met Your Mother": Consumerist, Mundane, and Uncanny Futures with Sex Robots	2020	Troiano, Giovanni Maria and Wood, Matthew and Harteveld, Casper	10.1145/3313831.3376598	CHI
5	"Auntie, Please Don't Fall for Those Smooth Talkers": How Chinese Younger Family Members Safeguard Seniors from Online Fraud	2025	Deng, Yue and He, Changyang and Zou, Yixin and Li, Bo	10.1145/3706598.3714137	CHI
6	"Don't Forget the Teachers": Towards an Educator-Centered Understanding of Harms from Large Language Models in Education	2025	Harvey, Emma and Koenecke, Allison and Kizilcec, Rene F.	10.1145/3706598.3713210	CHI
7	"Don't You Dare Go Hollow": How Dark Souls Helps Players Cope with Depression, a Thematic Analysis of Reddit Discussions	2025	V\"{a}kev\"{a}, Jaakko and H\"{a}m\"{a}l\"{a}inen, Perttu and Lindqvist, Janne	10.1145/3706598.3714075	CHI
8	"Even Though I Went Through Everything, I Didn't Feel Like I Learned a Lot": Insights From Experiences of Non-Computer Science Students Learning to Code	2025	Ali, Murtaza and Dasgupta, Sayamindu	10.1145/3706598.3713624	CHI
9	"Human, All Too Human": NOAA Weather Radio and the Emotional Impact of Synthetic Voices	2020	Scott, Kristen M. and Ashby, Simone and Hanna, Julian	10.1145/3313831.3376338	CHI
10	"I am a Technology Creator": Black Girls as Technosocial Change Agents in a Culturally-Responsive Robotics Camp	2025	Li, Chun and Solyst, Jaemarie and Scott, Safiyyah and Howse, Gabriella and Nkrumah, Tara and Walker, Erin and Ogan, Amy and Stewart, Angela E.B.	10.1145/3706598.3713242	CHI
11	"I Don't Want To Shoot The Android": Players Translate Real-Life Moral Intuitions to In-Game Decisions in Detroit: Become Human	2022	Arrambide, Karina and Yoon, John and MacArthur, Cayley and Rogers, Katja and Luz, Alessandra and Nacke, Lennart E.	10.1145/3491102.3502019	CHI
12	"I Got Flagged for Supposed Bullying, Even Though It Was in Response to Someone Harassing Me About My Disability.": A Study of Blind TikTokers' Content Moderation Experiences	2024	Lyu, Yao and Cai, Jie and Callis, Anisa and Cotter, Kelley and Carroll, John M.	10.1145/3613904.3642148	CHI
13	"I See You!": A Design Framework for Interface Cues about Agent Visual Perception from a Thematic Analysis of Videogames	2022	Rueben, Matthew and Horrocks, Matthew R and Martinez, Jennifer Eleanor and Cormier, Michelle V and LaLone, Nicolas and Fraune, Marlena and Toups Dugas, Phoebe O.	10.1145/3491102.3517699	CHI
14	"I Want to Be Unique From Other Robots": Positioning Girls as Co-creators of Social Robots in Culturally-Responsive Computing Education	2023	Li, Yinmiao and Nwogu, Jennifer and Buddemeyer, Amanda and Solyst, Jaemarie and Lee, Jina and Walker, Erin and Ogan, Amy and Stewart, Angela E.B.	10.1145/3544548.3581272	CHI
15	"I Will Not Drink With You Today": A Topic-Guided Thematic Analysis of Addiction Recovery on Reddit	2022	Gauthier, Robert P and Costello, Mary Jean and Wallace, James R	10.1145/3491102.3502076	CHI
16	"I Would Like to Design": Black Girls Analyzing and Ideating Fair and Accountable AI	2023	Solyst, Jaemarie and Xie, Shixian and Yang, Ellia and Stewart, Angela E.B. and Eslami, Motahhare and Hammer, Jessica and Ogan, Amy	10.1145/3544548.3581378	CHI
17	"If It's Important It Will Be A Headline": Cybersecurity Information Seeking in Older Adults	2019	Nicholson, James and Coventry, Lynne and Briggs, Pamela	10.1145/3290605.3300579	CHI
18	"Is This Seat Accessible for Me?": An Autoethnography of a Person With a Mobility Disability Using Interactive Seat Plans for Public Events	2025	Strobel, Lukas and Gerling, Kathrin Maria and Rixen, Jan Ole	10.1145/3706598.3713414	CHI
19	"It Is Easy Using My Apps:" Understanding Technology Use and Needs of Adults with Down Syndrome	2024	Johnson, Hailey Lynn and Sterling, Audra and Mutlu, Bilge	10.1145/3613904.3642950	CHI
20	"It's like a glimpse into the future": Exploring the Role of Blood Glucose Prediction Technologies for Type 1 Diabetes Self-Management	2024	Barth, Clara-Maria and Bernard, J\"{u}rgen and Huang, Elaine M.	10.1145/3613904.3642234	CHI
21	"My Perfect Platform Would Be Telepathy" - Reimagining the Design of Social Media with Autistic Adults	2023	Barros Pena, Bel\'{e}n and Koteyko, Nelya and Van Driel, Martine and Delgado, Andrea and Vines, John	10.1145/3544548.3580673	CHI
22	"Obviously, Nothing's Gonna Happen in Five Minutes": How Adolescents and Young Adults Infrastructure Resources to Learn Type 1 Diabetes Management	2024	Xu, Tian and Jost, Emily and Messer, Laurel H. and Cook, Paul F. and Forlenza, Gregory P and Sankaranarayanan, Sriram and Fiesler, Casey and Voida, Stephen	10.1145/3613904.3642612	CHI
23	"React", "Command", or "Instruct"? Teachers Mental Models on End-User Development	2025	Andrao, Margherita and Gini, Federica and Greco, Francesco and Cappelletti, Alessandro and Desolda, Giuseppe and Treccani, Barbara and Zancanaro, Massimo	10.1145/3706598.3713234	CHI
24	"Speech is Silver, Silence is Golden " Analyzing Micro-communication Strategies between Visually Impaired Runners and their Guides	2024	Barbareschi, Giulia and Kumar, Tarika and Kim, Christopher Changmok and Chernyshov, George and Kunze, Kai	10.1145/3613904.3642388	CHI
25	"This app said I had severe depression, and now I don't know what to do": the unintentional harms of mental health applications	2024	Kang, Rachael M. and Reynolds, Tera L.	10.1145/3613904.3642178	CHI
26	"Through the Looking Glass, and What We Found There": A Comprehensive Study of User Experiences with Pass-Through Devices in Everyday Activities	2025	Kim, DaeWook and Min, Yewon and Jeong, Jae-Yeop and Han, Sehee and Hwang, JiYeon and Jeong, Jin-Woo	10.1145/3706598.3714221	CHI
27	"Ultimately, it's a matter of safety, and resisting ostracization": Understanding Neurodivergent Masking with Online Communities	2025	Kritika, Kritika and Williams, Rua Mae and Ringland, Kathryn E.	10.1145/3706598.3714094	CHI
28	"Yeah, this graph doesn't show that": Analysis of Online Engagement with Misleading Data Visualizations	2024	Lisnic, Maxim and Lex, Alexander and Kogan, Marina	10.1145/3613904.3642448	CHI
29	(Re)discovering Sexual Pleasure after Cancer: Understanding the Design Space	2025	Offerman, C\'{e}line and Bourgeois, Jacky and van Beurden, Jules and Bozzon, Alessandro	10.1145/3706598.3713535	CHI
30	A Change of Scenery: Transformative Insights from Retrospective VR Embodied Perspective-Taking of Conflict With a Close Other	2024	Yong, Seraphina and Cui, Leo and Suma Rosenberg, Evan and Yarosh, Svetlana	10.1145/3613904.3642146	CHI
31	A Framework for Speechreading Acquisition Tools	2017	Gorman, Benjamin M. and Flatla, David R.	10.1145/3025453.3025560	CHI
32	A Need-Finding Study with Users of Geospatial Data	2023	Ziegler, Parker and Chasins, Sarah E.	10.1145/3544548.3581370	CHI
33	A Qualitative Investigation of User Transitions and Frictions in Cross-Reality Applications	2025	von Willich, Julius and Nelles, Frank and Tseng, Wen-Jie and Gugenheimer, Jan and G\"{u}nther, Sebastian and M\"{u}hlh\"{a}user, Max	10.1145/3706598.3713921	CHI
34	A Stakeholder Value Framework for Augmentative and Alternative Communication	2025	Zolyomi, Annuska and Koushik, Varsha and Asyet, Dinara and Huynh, Linh H	10.1145/3706598.3713584	CHI
35	A Systematic Review and Thematic Analysis of Community-Collaborative Approaches to Computing Research	2022	Cooper, Ned and Horne, Tiffanie and Hayes, Gillian R and Heldreth, Courtney and Lahav, Michal and Holbrook, Jess and Wilcox, Lauren	10.1145/3491102.3517716	CHI
36	A Taxonomy of Linguistic Expressions That Contribute To Anthropomorphism of Language Technologies	2025	DeVrio, Alicia and Cheng, Myra and Egede, Lisa and Olteanu, Alexandra and Blodgett, Su Lin	10.1145/3706598.3714038	CHI
37	About Engaging and Governing Strategies: A Thematic Analysis of Dark Patterns in Social Networking Services	2023	Mildner, Thomas and Savino, Gian-Luca and Doyle, Philip R. and Cowan, Benjamin R. and Malaka, Rainer	10.1145/3544548.3580695	CHI
38	Advancing HCI with Neuromorphic Technology: Guidelines for Designing User-Friendly Developer Tools for Neuromorphic Development	2025	Upreti, Divesh and Maheshwari, Aditi and Tabb, Taylor and Polykretis, Ioannis and Gallo, Eric M and Stewart, Kenneth Michael and LaToza, Thomas D. and Danielescu, Andreea	10.1145/3706598.3713249	CHI
39	AI in Global Health: The View from the Front Lines	2021	Ismail, Azra and Kumar, Neha	10.1145/3411764.3445130	CHI
40	All in One: Rapid Game Prototyping in a Single View	2025	Krebs, Eva and Beckmann, Tom and Geier, Leonard and Grenda, Jonathan and Ramson, Stefan and Hirschfeld, Robert	10.1145/3706598.3714251	CHI
41	Attached to "The Algorithm": Making Sense of Algorithmic Precarity on Instagram	2023	Register, Yim and Qin, Lucy and Baughan, Amanda and Spiro, Emma S.	10.1145/3544548.3581257	CHI
42	Barriers to Expertise in Citizen Science Games	2022	Miller, Josh Aaron and Cooper, Seth	10.1145/3491102.3517541	CHI
43	Barriers to Photosensitive Accessibility in Virtual Reality	2024	South, Laura and Yildirim, Caglar and Pavel, Amy and Borkin, Michelle A.	10.1145/3613904.3642635	CHI
44	Beyond Kant and Bentham: How Ethical Theories are being used in Artificial Moral Agents	2021	Zoshak, John and Dew, Kristin	10.1145/3411764.3445102	CHI
45	Beyond Vacuuming: How Can We Exploit Domestic Robots' Idle Time?	2025	Shiokawa, Yoshiaki and Chen, Winnie and Nittala, Aditya Shekhar and Alexander, Jason and Sharma, Adwait	10.1145/3706598.3714266	CHI
46	Bittersweet Snapshots of Life: Designing to Address Complex Emotions in a Reminiscence Interaction between Older Adults and a Robot	2025	Hsu, Long-Jing and Swaminathan, Manasi and Khoo, Weslie and Amon, Kyrie Jig and Sato, Hiroki and Dobbala, Sathvika and Tsui, Kate and Crandall, David and Sabanovic, Selma	10.1145/3706598.3714256	CHI
47	Bones of Contention: Social Acceptance of Digital Cemetery Technologies	2023	Allison, Fraser and Nansen, Bj\o{}rn and Gibbs, Martin and Arnold, Michael	10.1145/3544548.3581520	CHI
48	Boss is aWare—Are you? Employee Comprehension and Legal Awareness of Workplace Monitoring	2025	Bunwaree, Teshan S. and Stawarz, Katarzyna and Collins, Philippa and Gould, Sandy J. J.	10.1145/3706598.3713651	CHI
49	Bridging AI and Humanitarianism: An HCI-Informed Framework for Responsible AI Adoption	2025	Bhatnagar, Tigmanshu and Omar, Maarya and Orlic, Davor and Smith, James and Holloway, Catherine and Kett, Maria	10.1145/3706598.3713184	CHI
50	Building an Ethics-Focused Action Plan: Roles, Process Moves, and Trajectories	2024	Gray, Colin M. and Obi, Ike and Chivukula, Shruthi Sai and Li, Ziqing and Carlock, Thomas V and Will, Matthew S and Pivonka, Anne C and Johns, Janna and Rigsbee, Brookley and Menon, Ambika R and Bharadwaj, Aayushi	10.1145/3613904.3642302	CHI
51	Challenges and Opportunities for Interactive Technology to Support Parents of HIV-Positive Children in Ethiopia in the Disclosure Process	2023	Bezabih, Alemitu and Gerling, Kathrin and Abebe, Workeabeba and Vanden Abeele, Vero	10.1145/3544548.3580756	CHI
52	Characterizing Social Insider Attacks on Facebook	2017	Usmani, Wali Ahmed and Marques, Diogo and Beschastnikh, Ivan and Beznosov, Konstantin and Guerreiro, Tiago and Carri\c{c}o, Lu\'{\i}s	10.1145/3025453.3025901	CHI
53	CodeAid: Evaluating a Classroom Deployment of an LLM-based Programming Assistant that Balances Student and Educator Needs	2024	Kazemitabaar, Majeed and Ye, Runlong and Wang, Xiaoning and Henley, Austin Zachary and Denny, Paul and Craig, Michelle and Grossman, Tovi	10.1145/3613904.3642773	CHI
54	CollabCoder: A Lower-barrier, Rigorous Workflow for Inductive Collaborative Qualitative Analysis with Large Language Models	2024	Gao, Jie and Guo, Yuchen and Lim, Gionnieve and Zhang, Tianqin and Zhang, Zheng and Li, Toby Jia-Jun and Perrault, Simon Tangi	10.1145/3613904.3642002	CHI
55	Collaborative or Simply Uncaged? Understanding Human-Cobot Interactions in Automation	2020	Michaelis, Joseph E. and Siebert-Evenstone, Amanda and Shaffer, David Williamson and Mutlu, Bilge	10.1145/3313831.3376547	CHI
56	Comic-making to Study Game-making: Using Comics in Qualitative Longitudinal Research on Game Development	2024	Park, Solip and H\"{a}m\"{a}l\"{a}inen, Perttu and Kultima, Annakaisa	10.1145/3613904.3642275	CHI
57	Communication, Collaboration, and Coordination in a Co-located Shared Augmented Reality Game: Perspectives From Deaf and Hard of Hearing People	2024	Luna, Sanzida Mojib and Xu, Jiangnan and Papangelis, Konstantinos and Tigwell, Garreth W. and Lalone, Nicolas and Saker, Michael and Chamberlain, Alan and Laato, Samuli and Dunham, John and Wang, Yihong	10.1145/3613904.3642953	CHI
58	Contestable Camera Cars: A Speculative Design Exploration of Public AI That Is Open and Responsive to Dispute	2023	Alfrink, Kars and Keller, Ianus and Doorn, Neelke and Kortuem, Gerd	10.1145/3544548.3580984	CHI
59	Crafting Champions: An Observation Study of Esports Coaching Processes	2025	Lee, Hanbyeol and Kleinman, Erica and Kim, Namsub and Park, Sangbeom and Harteveld, Casper and Lee, Byungjoo	10.1145/3706598.3713141	CHI
60	Cultural Influences on Chinese Citizens' Adoption of Digital Contact Tracing: A Human Infrastructure Perspective	2022	Lyu, Yao and Carroll, John M.	10.1145/3491102.3517572	CHI
61	Democratic Moderation: Exploring the Use and Perception of Votekicking in Social Virtual Reality	2025	Chen, Qijia and Wu, Qunfang and Jacucci, Giulio	10.1145/3706598.3713577	CHI
62	Designed & Discovered Euphoria: Insights from Trans-Femme Players' Experiences of Gender Euphoria in Video Games	2025	Liang, Shano and Cormier, Michelle V and Bohrer, Rose and Toups Dugas, Phoebe O.	10.1145/3706598.3714081	CHI
63	Designing Brutal Multiplayer Video Games	2016	Marshall, Joe and Linehan, Conor and Hazzard, Adrian	10.1145/2858036.2858080	CHI
64	Designing Tools and Interfaces for Ecological Restoration: An Investigation into the Opportunities and Constraints for Technological Interventions	2022	Maheshwari, Aditi and Kumar Aggarwal, Abhay and Danielescu, Andreea	10.1145/3491102.3517664	CHI
65	Designing with Dynamics: Reflections on Co-design Workshops Between People Living with Dementia and Their Care Partners	2025	Hsu, Long-Jing and Foster, Alex and Sabanovic, Selma and Chung, Chia-Fang	10.1145/3706598.3714105	CHI
66	Dimensions of UX Practice that Shape Ethical Awareness	2020	Chivukula, Shruthi Sai and Watkins, Chris Rhys and Manocha, Rhea and Chen, Jingle and Gray, Colin M.	10.1145/3313831.3376459	CHI
67	Dirty Data in the Newsroom: Comparing Data Preparation in Journalism and Data Science	2023	Kasica, Stephen and Berret, Charles and Munzner, Tamara	10.1145/3544548.3581271	CHI
68	Documents in Your Hands: Exploring Interaction Techniques for Spatial Arrangement of Augmented Reality Documents	2025	Luo, Weizhou and Ellenberg, Mats Ole and Satkowski, Marc and Dachselt, Raimund	10.1145/3706598.3713518	CHI
69	Domestic Robots and the Dream of Automation: Understanding Human Interaction and Intervention	2021	Schneiders, Eike and Kanstrup, Anne Marie and Kjeldskov, Jesper and Skov, Mikael B.	10.1145/3411764.3445629	CHI
70	Don't You Know That You're Toxic: Normalization of Toxicity in Online Gaming	2021	Beres, Nicole A and Frommel, Julian and Reid, Elizabeth and Mandryk, Regan L and Klarkowski, Madison	10.1145/3411764.3445157	CHI
71	Dozer: Towards understanding the design of closed-loop wearables for sleep	2023	Semertzidis, Nathan Arthur and Li Pin Hiung, Annaelle and Vranic-Peters, Michaela Jayne and Mueller, Florian 'Floyd'	10.1145/3544548.3581044	CHI
72	Educator Perceptions of XRAuthor: An Accessible Tool for Authoring Learning Content with Different Immersion Levels	2025	Shen, Songjia and Tan, Chek Tien and Chen, Hsiang-Ting and Raffe, William L and Leong, Tuck Wah	10.1145/3706598.3713982	CHI
73	Eliciting and Analysing Users' Envisioned Dialogues with Perfect Voice Assistants	2021	V\"{o}lkel, Sarah Theres and Buschek, Daniel and Eiband, Malin and Cowan, Benjamin R. and Hussmann, Heinrich	10.1145/3411764.3445536	CHI
74	Encountering Friction, Understanding Crises: How Do Digital Natives Make Sense of Crisis Maps?	2025	Koesten, Laura and Saske, Antonia and Starchenko, Sandra Maria and Gregory, Kathleen	10.1145/3706598.3713520	CHI
75	Envisioning Financial Technology Support for Older Adults Through Cognitive and Life Transitions	2025	Dai, Jiamin and McGrenere, Joanna	10.1145/3706598.3713427	CHI
76	Envisioning Narrative Intelligence: A Creative Visual Storytelling Anthology	2023	Halperin, Brett A. and Lukin, Stephanie M.	10.1145/3544548.3580744	CHI
77	Evaluating ActuAir: Building Occupants' Experiences of a Shape-Changing Air Quality Display	2024	Margariti, Eleni and Vlachokyriakos, Vasilis and Durrant, Abigail C and Kirk, David	10.1145/3613904.3642396	CHI
78	Exploring Chart Question Answering for Blind and Low Vision Users	2023	Kim, Jiho and Srinivasan, Arjun and Kim, Nam Wook and Kim, Yea-Seul	10.1145/3544548.3581532	CHI
79	Exploring Collaborative Movement Improvisation Towards the Design of LuminAI—a Co-Creative AI Dance Partner	2024	Trajkova, Milka and Long, Duri and Deshpande, Manoj and Knowlton, Andrea and Magerko, Brian	10.1145/3613904.3642677	CHI
80	Exploring Flow in Real-World Knowledge Work Using Discrete cEEGrid Sensors	2025	Knierim, Michael T. and Stano, Fabio and Kurz, Fabio and Heusch, Antonius and Wilson, Max L.	10.1145/3706598.3713512	CHI
81	Exploring Joint Effects of Locomotion Continuity and Wayfinding Assistance in Non-Embodied VR Game Navigation	2025	Niu, Ruowen and Zheng, Ruishen and Liang, Chen and Liu, Minghui	10.1145/3706598.3713766	CHI
82	Exploring Modular Prompt Design for Emotion and Mental Health Recognition	2025	Kim, Minseo and Kim, Taemin and Vo, Thu Hoang Anh and Jung, Yugyeong and Lee, Uichin	10.1145/3706598.3713888	CHI
83	Exploring Privacy Practices of Female mHealth Apps in a Post-Roe World	2024	Malki, Lisa Mekioussa and Kaleva, Ina and Patel, Dilisha and Warner, Mark and Abu-Salma, Ruba	10.1145/3613904.3642521	CHI
84	Exploring the Association between Moral Foundations and Judgements of AI Behaviour	2024	Brailsford, Joe and Vetere, Frank and Velloso, Eduardo	10.1145/3613904.3642712	CHI
85	Exploring the Design of Tailored Virtual Reality Experiences for People with Dementia	2018	Hodge, James and Balaam, Madeline and Hastings, Sandra and Morrissey, Kellie	10.1145/3173574.3174088	CHI
86	Exploring User Motivations Behind iOS App Tracking Transparency Decisions	2023	Hutton, Hannah J and Ellis, David A	10.1145/3544548.3580654	CHI
87	Extended Reality (XR) Remote Research: a Survey of Drawbacks and Opportunities	2021	Ratcliffe, Jack and Soave, Francesco and Bryan-Kinns, Nick and Tokarchuk, Laurissa and Farkhatdinov, Ildar	10.1145/3411764.3445170	CHI
88	Fear, Fun or None: A Qualitative Quest Towards Unlocking Cybersecurity Attitudes	2025	von Preuschen, Alexandra and Benda, Carolin and Schuhmacher, Monika Christine and Zimmermann, Verena	10.1145/3706598.3713538	CHI
89	Folk Tales of IoT: Understanding the Impact of Stories on Users' Positive and Negative Perceptions of Smart Home IoT Devices	2025	Zhang-Kennedy, Leah and Valiquette, Michaela and Chen, An Bella and Hadan, Hilda and Suh, Sangho	10.1145/3706598.3713712	CHI
90	From 'Wow' to 'Why': Guidelines for Creating the Opening of a Data Video with Cinematic Styles	2022	Xu, Xian and Yang, Leni and Yip, David and Fan, Mingming and Wei, Zheng and Qu, Huamin	10.1145/3491102.3501896	CHI
91	From Camera-Eye to AI: Exploring the Interplay of Cinematography and Computational Visual Storytelling	2025	Halperin, Brett A. and Lukin, Stephanie M.	10.1145/3706598.3713840	CHI
92	From Exploration to End of Life: Unpacking Sustainability in Physicalization Practices	2024	Morais, Luiz and Panagiotidou, Georgia and Hayes, Sarah and Losev, Tatiana and Noonan, Rebecca and Hinrichs, Uta	10.1145/3613904.3642248	CHI
93	From Prisons to Programming: Fostering Self-Efficacy via Virtual Web Design Curricula in Prisons and Jails	2024	Nisser, Martin and Gaetz, Marisa and Fishberg, Andrew and Soicher, Raechel N. and Faruqi, Faraz and Long, Joshua	10.1145/3613904.3642717	CHI
94	Gamification in Science: A Study of Requirements in the Context of Reproducible Research	2019	Feger, Sebastian S. and Dallmeier-Tiessen, S\"{u}nje and Wo\'{z}niak, Pawe\l{} W. and Schmidt, Albrecht	10.1145/3290605.3300690	CHI
95	Generative AI in Creative Practice: ML-Artist Folk Theories of T2I Use, Harm, and Harm-Reduction	2024	Shelby, Renee and Rismani, Shalaleh and Rostamzadeh, Negar	10.1145/3613904.3642461	CHI
96	Good Performance Isn't Enough to Trust AI: Lessons from Logistics Experts on their Long-Term Collaboration with an AI Planning System	2025	Kahr, Patricia and Rooks, Gerrit and Snijders, Chris and Willemsen, Martijn C.	10.1145/3706598.3713099	CHI
97	Horse as Teacher: How human-horse interaction informs human-robot interaction	2023	Jain, Eakta and Gardner-McCune, Christina	10.1145/3544548.3581245	CHI
98	Hospital Employee Experiences Caring for Patients in Smart Patient Rooms	2024	Dawson, Joshua and Fisher, Eden and Wiese, Jason	10.1145/3613904.3642201	CHI
99	How to get away with cyberattacks: An argumentative approach to cyberattacks' legitimization by common users	2022	Spagnolli, Anna and Masotina, Mariavittoria and Scarcia, Annalorena and Zuffi, Beatrice and Gamberini, Luciano	10.1145/3491102.3517444	CHI
100	Human-Computer Counter-Choreographies: Raising Awareness of Data Tracking through Live Coding	2025	Chicau, Joana and Fdili Alaoui, Sarah and Fass, John and Fiebrink, Rebecca	10.1145/3706598.3713432	CHI
101	Human-Nature Relationships through Video Games: An Exploration of Players' Sense-Making	2025	Spors, Velvet and Buruk, O\u{g}uz 'Oz' and Hamari, Juho	10.1145/3706598.3713207	CHI
102	Human-Precision Medicine Interaction: Public Perceptions of Polygenic Risk Score for Genetic Health Prediction	2025	Sun, Yuhao and Tenesa, Albert and Vines, John	10.1145/3706598.3713567	CHI
103	Identity Claims that Underlie Ethical Awareness and Action	2021	Chivukula, Shruthi Sai and Hasib, Aiza and Li, Ziqing and Chen, Jingle and Gray, Colin M.	10.1145/3411764.3445375	CHI
104	Impacts of Telemanipulation in Robotic Assisted Surgery	2019	Avellino, Ignacio and Bailly, Gilles and Canlorbe, Geoffroy and Belgihti, J\'{e}r\'{e}mie and Morel, Guillaume and Vitrani, Marie-Aude	10.1145/3290605.3300813	CHI
105	In a New Land: Mobile Phones, Amplified Pressures and Reduced Capabilities	2018	Coles-Kemp, Lizzie and Jensen, Rikke Bjerg and Talhouk, Reem	10.1145/3173574.3174158	CHI
106	Including the Experiences of Physically Disabled Players in Mainstream Guidelines for Movement-Based Games	2022	Mason, Liam and Gerling, Kathrin and Dickinson, Patrick and Holopainen, Jussi and Jacobs, Lisa and Hicks, Kieran	10.1145/3491102.3501867	CHI
107	Infrastructuring Care: How Trans and Non-Binary People Meet Health and Well-Being Needs through Technology	2023	Wilcox, Lauren and Shelby, Renee and Veeraraghavan, Rajesh and Haimson, Oliver L. and Erickson, Gabriela Cruz and Turken, Michael and Gulotta, Rebecca	10.1145/3544548.3581040	CHI
108	Inhabiting Interconnected Spaces: How Users Shape and Appropriate Their Smart Home Ecosystems	2023	Wo\'{z}niak, Miko\l{}aj P. and V\"{o}ge, Sarah and Kr\"{u}ger, Ronja and M\"{u}ller, Heiko and Koelle, Marion and Boll, Susanne	10.1145/3544548.3581497	CHI
109	Innovating Novel Online Social Spaces with Diverse Middle School Girls: Ideation and Collaboration in a Synchronous Virtual Design Workshop	2022	Delcourt, Catherine Grevet and Charmaraman, Linda and Durrani, Sidrah and Gu, Quan and Xiao, Le Fan	10.1145/3491102.3517576	CHI
110	Integrating Technology into Self-Management Ecosystems: Young Adults with Type 1 Diabetes in the UK using Smartwatches	2025	Gordon James, Sam and Armstrong, Miranda Elaine Glynis and Abdallah, Zahraa S. and Emerson, Harry and O'Kane, Aisling Ann	10.1145/3706598.3713247	CHI
111	Interpersonal Synchrony Over a Distance - the Effect of Network Noise on Synchronization and its Prosocial Consequences	2025	Rinott, Michal and Rafaeli, Sheizaf and Tractinsky, Noam	10.1145/3706598.3713562	CHI
112	Intra, Extra, Read all about it! How Readers Interpret Visualizations with Intra- and Extratextual Information	2025	Burns, Alyxander and Gonzalez-Vazquez, Claudia	10.1145/3706598.3713612	CHI
113	Investigating Car Drivers' Information Demand after Safety and Security Critical Incidents	2021	Gr\"{o}ber, Lea Theresa and Fassl, Matthias and Gupta, Abhilash and Krombholz, Katharina	10.1145/3411764.3446862	CHI
114	Is it Happy? Behavioural and Narrative Frame Complexity Impact Perceptions of a Simple Furry Robot's Emotions	2018	Bucci, Paul and Zhang, Lotus and Cang, Xi Laura and MacLean, Karon E.	10.1145/3173574.3174083	CHI
115	It is too Hot: An In-Situ Study of Three Designs for Heating	2016	Alan, Alper T. and Shann, Mike and Costanza, Enrico and Ramchurn, Sarvapali D. and Seuken, Sven	10.1145/2858036.2858222	CHI
116	Kaleidoscope: A Reflective Documentation Tool for a User Interface Design Course	2023	Sterman, Sarah and Nicholas, Molly Jane and Vivrekar, Janaki and Mindel, Jessica R and Paulos, Eric	10.1145/3544548.3581255	CHI
118	Kills, Deaths, and (Computational) Assists: Identifying Opportunities for Computational Support in Esport Learning	2022	Kleinman, Erica and Shergadwala, Murtuza N and Seif El-Nasr, Magy	10.1145/3491102.3517654	CHI
119	Learning Curiosity through Play: Exploring the Role of Games and Interactive Design in Museums	2025	Grace D, Thomas and Abel, Christie and Salen Tekinba\c{s}, Katie	10.1145/3706598.3713164	CHI
120	Less Talk, More Trust: Understanding Players' In-game Assessment of Communication Processes in League of Legends	2025	Lee, Juhoon and Kim, Seoyoung and Park, Yeon Su and Kim, Juho and Jang, Jeong-woo and Seering, Joseph	10.1145/3706598.3714226	CHI
121	Listening to the Voices: Describing Ethical Caveats of Conversational User Interfaces According to Experts and Frequent Users	2024	Mildner, Thomas and Cooney, Orla and Meck, Anna-Maria and Bartl, Marion and Savino, Gian-Luca and Doyle, Philip R and Garaialde, Diego and Clark, Leigh and Sloan, John and Wenig, Nina and Malaka, Rainer and Niess, Jasmin	10.1145/3613904.3642542	CHI
122	Living with Sound Zones: A Long-term Field Study of Dynamic Sound Zones in a Domestic Context	2023	Jacobsen, Rune M\o{}berg and Fangel Skov, Kasper and Johansen, Stine S and Skov, Mikael B. and Kjeldskov, Jesper	10.1145/3544548.3581535	CHI
123	Long-Term Value of Social Robots through the Eyes of Expert Users	2019	Dereshev, Dmitry and Kirk, David and Matsumura, Kohei and Maeda, Toshiyuki	10.1145/3290605.3300896	CHI
124	Low-Resourced Languages and Online Knowledge Repositories: A Need-Finding Study.	2024	Nigatu, Hellina Hailu and Canny, John and Chasins, Sarah E.	10.1145/3613904.3642605	CHI
126	Mapping Design Spaces for Audience Participation in Game Live Streaming	2021	Striner, Alina and Webb, Andrew M. and Hammer, Jessica and Cook, Amy	10.1145/3411764.3445511	CHI
127	Memory Manipulations in Extended Reality	2023	Bonnail, Elise and Tseng, Wen-Jie and Mcgill, Mark and Lecolinet, Eric and Huron, Samuel and Gugenheimer, Jan	10.1145/3544548.3580988	CHI
128	Mental Models of AI Agents in a Cooperative Game Setting	2020	Gero, Katy Ilonka and Ashktorab, Zahra and Dugan, Casey and Pan, Qian and Johnson, James and Geyer, Werner and Ruiz, Maria and Miller, Sarah and Millen, David R. and Campbell, Murray and Kumaravel, Sadhana and Zhang, Wei	10.1145/3313831.3376316	CHI
129	Moderation Practices as Emotional Labor in Sustaining Online Communities: The Case of AAPI Identity Work on Reddit	2019	Dosono, Bryan and Semaan, Bryan	10.1145/3290605.3300372	CHI
130	Mold-It: Understanding how Physical Shapes affect Interaction with Handheld Freeform Devices	2022	Serrano, Marcos and Finch, Jolee and Irani, Pourang and Lucero, Andr\'{e}s and Roudaut, Anne	10.1145/3491102.3502022	CHI
131	Multi-stakeholder Perspectives on Mental Health Screening Tools for Children	2024	Kalanadhabhatta, Manasa and Mateo Santana, Adrelys and Mayorga, Lynnea and Rahman, Tauhidur and Ganesan, Deepak and Grabell, Adam	10.1145/3613904.3642604	CHI
132	My Data, My Choice, My Insights: Women's Requirements when Collecting, Interpreting and Sharing their Personal Health Data	2024	Grimme, Sophie and Spoerl, Susanna Marie and Boll, Susanne and Koelle, Marion	10.1145/3613904.3642851	CHI
133	Navigating the Maze of Routine Disruption: Exploring How Older Adults Living Alone Navigate Barriers to Establishing and Maintaining Physical Activity Habits	2024	Yang, Muhe and Moffatt, Karyn	10.1145/3613904.3642842	CHI
134	Negotiating Experience and Communicating Information Through Abstract Metaphor	2023	Reed, Courtney N. and Strohmeier, Paul and McPherson, Andrew P.	10.1145/3544548.3580700	CHI
135	Open-ended Play For People With Dementia	2025	Valencia, Alicia and Houben, Maarten and Brankaert, Rens and Eggen, Berry and IJsselsteijn, Wijnand	10.1145/3706598.3713930	CHI
137	Patient Perspectives on AI-Driven Predictions of Schizophrenia Relapses: Understanding Concerns and Opportunities for Self-Care and Treatment	2024	Yoo, Dong Whi and Woo, Hayoung and Nguyen, Viet Cuong and Birnbaum, Michael L. and Kruzan, Kaylee Payne and Kim, Jennifer G and Abowd, Gregory D. and De Choudhury, Munmun	10.1145/3613904.3642369	CHI
138	Perspectives on Mixed-Ability Competition	2025	Trindade, Pedro and Guerreiro, Jo\~{a}o and Rodrigues, Andr\'{e}	10.1145/3706598.3713867	CHI
139	Playing with Feedback: Unpredictability, Immediacy, and Entangled Agency in the No-input Mixing Desk	2023	Mudd, Tom	10.1145/3544548.3580662	CHI
141	Playing with Robots: Performing Arts Techniques for Designing and Understanding Robot Group Movement	2025	Madill, Philippa and Newton, Matthew and Zhao, Huanjun and Lian, Yichen and McKendrick, Zachary and Finn, Patrick and Nittala, Aditya Shekhar and Sharlin, Ehud	10.1145/3706598.3713996	CHI
142	Privacy Concerns of Student Data Shared with Instructors in an Online Learning Management System	2024	Kwapisz, Monika Blue and Kohli, Avanya and Rajivan, Prashanth	10.1145/3613904.3642914	CHI
143	Privacy Considerations when Designing Social Network Systems to Support Successful Ageing	2017	McNeill, Andrew R. and Coventry, Lynne and Pywell, Jake and Briggs, Pam	10.1145/3025453.3025861	CHI
144	Privacy Lies: Understanding How, When, and Why People Lie to Protect Their Privacy in Multiple Online Contexts	2018	Sannon, Shruti and Bazarova, Natalya N. and Cosley, Dan	10.1145/3173574.3173626	CHI
145	Promoting Engagement in Remote Patient Monitoring Using Asynchronous Messaging	2024	Liaqat, Salaar and Liaqat, Daniyal and Son, Tatiana and Falk, Tiago and Wu, Robert and Gershon, Andrea S. and De Lara, Eyal and Mariakakis, Alex	10.1145/3613904.3642630	CHI
146	Provocations from #vanlife: Investigating Life and Work in a Community Extensively Using Technology Not Designed for Them	2021	Rizvi, Ali Haider and Morayko, Kateryna and Hancock, Mark and Song, Arden	10.1145/3411764.3445393	CHI
147	Q-Chef: The impact of surprise-eliciting systems on food-related decision-making	2022	Grace, Kazjon and Finch, Elanor and Gulbransen-Diaz, Natalia and Henderson, Hamish	10.1145/3491102.3501862	CHI
148	Responsibility Attribution in Human Interactions with Everyday AI Systems	2025	Brailsford, Joe and Vetere, Frank and Velloso, Eduardo	10.1145/3706598.3713126	CHI
149	Responsible Innovation of Touchless Haptics: A Prospective Design Exploration in Social Interaction	2023	Cornelio, Patricia and Hughes, Stephen and Georgiou, Orestis and Frier, William and Maunsbach, Martin and Vasudevan, Madhan Kumar and Obrist, Marianna	10.1145/3544548.3581228	CHI
150	Saying No to "Yes Means Yes": Limitations of Affirmative Consent for Mitigating Unwanted Behavior Online According to Women and LGBTQIA+ Stakeholders	2025	Burger, Braeden and Tebbe, Devin and Walquist, Emma and Kind, Toby and Zytko, Douglas	10.1145/3706598.3713236	CHI
151	Seeking Inspiration through Human-LLM Interaction	2025	Lin, Xinrui and Huang, Heyan and Huang, Kaihuang and Shu, Xin and Vines, John	10.1145/3706598.3713259	CHI
152	Selling Glossy, Easy Futures: A Feminist Exploration of Commercial Mental-Health-focused Self-Care Apps' Descriptions in the Google Play Store	2021	Spors, Velvet and Wagner, Hanne Gesine and Flintham, Martin and Brundell, Pat and Murphy, David	10.1145/3411764.3445500	CHI
153	Smart Kitchens for People with Cognitive Impairments: A Qualitative Study of Design Requirements	2018	Kosch, Thomas and Wo\'{z}niak, Pawe\l{} W. and Brady, Erin and Schmidt, Albrecht	10.1145/3173574.3173845	CHI
154	Snap, Sweat, and Sketch: Designing Home Exercise Experiences for Augmented Reality Head-mounted Displays	2025	Adiwangsa, Michelle and Sweetser, Penny and Ozdowska, Anne	10.1145/3706598.3713575	CHI
155	Socio-technical Dynamics: Cooperation of Emergent and Established Organisations in Crises and Disasters	2019	Auferbauer, Daniel and Tellio\u{g}lu, Hilda	10.1145/3290605.3300448	CHI
156	Spatial Hand Actions: Exploring the Hand Actions used to Represent Spatial Thinking for 3D Assembling Tasks	2025	Rawat, Prashant and Barrera Machuca, Mayra Donaji	10.1145/3706598.3713424	CHI
157	Speculative Job Design: Probing Alternative Opportunities for Gig Workers in an Automated Future	2025	Ma, Shuhao and Liu, Zhiming and Nisi, Valentina and Fox, Sarah E and Nunes, Nuno Jardim	10.1145/3706598.3713885	CHI
158	Sprayable Sound: Exploring the Experiential and Design Potential of Physically Spraying Sound Interaction	2025	Jeon, Jongik and Lee, Chang Hee	10.1145/3706598.3713786	CHI
159	Starving the Newsfeed for Social Media Detox: Effects of Strict and Self-regulated Facebook Newsfeed Diets	2023	Purohit, Aditya Kumar and Bergram, Kristoffer and Barclay, Louis and Bezen\c{c}on, Val\'{e}ry and Holzer, Adrian	10.1145/3544548.3581187	CHI
160	Sticky Goals: Understanding Goal Commitments for Behavioral Changes in the Wild	2021	Lee, Hyunsoo and Kim, Auk and Hong, Hwajung and Lee, Uichin	10.1145/3411764.3445295	CHI
161	Studying How Digital Luthiers Choose Their Tools	2022	Renney, Nathan and Gaster, Benedict and Mitchell, Tom and Renney, Harri	10.1145/3491102.3517656	CHI
162	Supervising Multiple Operating Rooms Using a Head-Worn display: A Longitudinal Evaluation of the Experience of Supervising Anesthesiologists and Their Co-Workers	2023	Grundgeiger, Tobias and M\"{u}nz, Alea and Schlosser, Paul and Happel, Oliver	10.1145/3544548.3581180	CHI
163	Supporting the Design of Smart Speakers to Foster a Sense of Ownership in Asian Indian Families	2022	Garg, Radhika	10.1145/3491102.3517680	CHI
164	Surveillance on Exhibit: Using Problematic Technology To Teach About Problematic Technology	2025	Plaut, Ethan and West, Kiri and Morreale, Fabio and Gibson, Maya and Thompson, Grace and Woodward, Kara and Lottridge, Danielle	10.1145/3706598.3713710	CHI
165	Tactile Symbols with Continuous and Motion-Coupled Vibration: An Exploration of using Embodied Experiences for Hermeneutic Design	2023	Sabnis, Nihar and Wittchen, Dennis and Vega, Gabriela and Reed, Courtney N. and Strohmeier, Paul	10.1145/3544548.3581356	CHI
166	The Challenge of (Non-)Disclosure: Exploring the Lived Experience of Ethiopian Adolescents with HIV and Their Attitudes Toward Technology	2022	Mequanint Bezabih, Alemitu and Gerling, Kathrin and Abebe, Workeabeba and Vanden Abeele, Vero	10.1145/3491102.3502132	CHI
167	The Curious Case of the Transdiegetic Cow, or a Mission to Foster Other-Oriented Empathy Through Virtual Reality	2020	Kors, Martijn J.L. and van der Spek, Erik D. and Bopp, Julia A. and Millenaar, Karel and van Teutem, Rutger L. and Ferri, Gabriele and Schouten, Ben A.M.	10.1145/3313831.3376748	CHI
168	The Design Space of Wearables for Sports and Fitness Practices	2021	Turmo Vidal, Laia and Zhu, Hui and Waern, Annika and M\'{a}rquez Segura, Elena	10.1145/3411764.3445700	CHI
169	The Effect of Orientation on the Readability and Comfort of 3D-Printed Braille	2024	Puerta, Eduardo and Crnovrsanin, Tarik and South, Laura and Dunne, Cody	10.1145/3613904.3642719	CHI
170	The Ethics of Multiplayer Game Design and Community Management: Industry Perspectives and Challenges	2021	A. Sparrow, Lucy and Gibbs, Martin and Arnold, Michael	10.1145/3411764.3445363	CHI
171	The Gang's All Here: How People Used Games to cope with COVID19 Quarantine	2021	Kleinman, Erica and Chojnacki, Sara and Seif El-Nasr, Magy	10.1145/3411764.3445072	CHI
172	The Last Decade of HCI Research on Children and Voice-based Conversational Agents	2022	Garg, Radhika and Cui, Hua and Seligson, Spencer and Zhang, Bo and Porcheron, Martin and Clark, Leigh and Cowan, Benjamin R. and Beneteau, Erin	10.1145/3491102.3502016	CHI
173	The Race Towards Digital Wellbeing: Issues and Opportunities	2019	Monge Roffarello, Alberto and De Russis, Luigi	10.1145/3290605.3300616	CHI
175	The Technology Is Enemy for Me at the Moment: How Smart Home Technologies Assert Control Beyond Intent	2021	Ehrenberg, Nils and Keinonen, Turkka	10.1145/3411764.3445058	CHI
176	This Game SUX: Why & How to Design Sh@*!y User Experiences	2025	Cormier, Michelle V and Liang, Shano and Hamilton, Bill and LaLone, Nicolas and Bohrer, Rose and Toups Dugas, Phoebe O.	10.1145/3706598.3713246	CHI
177	Three Design Directions for a Diversity Computing Design Space	2023	Falk, Jeanette and Kubesch, Moritz and Blumenkranz, Anna and Frauenberger, Christopher	10.1145/3544548.3581155	CHI
178	Too Close and Crowded: Understanding Stress on Mobile Instant Messengers based on Proxemics	2018	Shin, In-geon and Seok, Jin-min and Lim, Youn-kyung	10.1145/3173574.3174189	CHI
179	Touching Experiences: How Older Adults Envision Ambient and Tangible Social Technology Through the Lens of Time	2025	Smith, Kersten and Sien, Sang-Wha and Dai, Jiamin and McGrenere, Joanna	10.1145/3706598.3714302	CHI
180	Towards a Bedder Future: A Study of Using Virtual Reality while Lying Down	2023	van Gemert, Thomas and Hornb\ae{}k, Kasper and Knibbe, Jarrod and Bergstr\"{o}m, Joanna	10.1145/3544548.3580963	CHI
181	Towards Designing Playful Bodily Extensions: Learning from Expert Interviews	2023	Buruk, O\u{g}uz 'Oz' and Matjeka, Louise Petersen and Mueller, Florian 'Floyd'	10.1145/3544548.3581165	CHI
182	Towards Inclusive External Communication of Autonomous Vehicles for Pedestrians with Vision Impairments	2020	Colley, Mark and Walch, Marcel and Gugenheimer, Jan and Askari, Ali and Rukzio, Enrico	10.1145/3313831.3376472	CHI
183	Towards Robotic Companions: Understanding Handler-Guide Dog Interactions for Informed Guide Dog Robot Design	2024	Hwang, Hochul and Jung, Hee-Tae and Giudice, Nicholas A and Biswas, Joydeep and Lee, Sunghoon Ivan and Kim, Donghyun	10.1145/3613904.3642181	CHI
184	Towards Understanding Family Privacy and Security Literacy Conversations at Home: Design Implications for Privacy Literacy Interfaces	2024	Alghythee, Kenan Kamel A and Hrncic, Adel and Singh, Karthik and Kunisetty, Sumanth and Yao, Yaxing and Soni, Nikita	10.1145/3613904.3641962	CHI
185	Tracking and its Potential for Older Adults with Memory Concerns	2025	Short, Amelia and Su, Norman Makoto and Hu, Ruipu and Choe, Eun Kyoung and Kacorri, Hernisa and Danilovich, Margaret and Conroy, David E. and Jette, Shannon and Barnett, Beth and Lazar, Amanda	10.1145/3706598.3714093	CHI
186	Understanding and Supporting Peer Review Using AI-reframed Positive Summary	2025	Yang, Chi-Lan and Uhde, Alarith and Yamashita, Naomi and Kuzuoka, Hideaki	10.1145/3706598.3713219	CHI
187	Understanding Cultural and Religious Values Relating to Awareness of Women's Intimate Health among Arab Muslims	2024	Al-Naimi, Latifa and Alistar, Mirela	10.1145/3613904.3642207	CHI
188	Understanding Cyber Hostility, Gossip, Exclusion, and Social Support in Remote and Hybrid Work Settings: Benefits and Challenges of Remote Work	2025	Jamieson, Jack and Akahori, Wataru and Yamashita, Naomi	10.1145/3706598.3713684	CHI
189	Understanding Discussions Around Culture Within Courses Covering Topics on Accessibility and Disability at U.S. Universities	2023	Nourian, Laleh and Shinohara, Kristen and Tigwell, Garreth W.	10.1145/3544548.3581533	CHI
190	Understanding How eHealth Coaches Tailor Support For Weight Loss: Towards the Design of Person-Centered Coaching Systems	2022	Ryan, Kathleen and Dockray, Samantha and Linehan, Conor	10.1145/3491102.3501864	CHI
191	Understanding Screen-based Dining Practices through the Lens of Mindful Eating	2022	Khot, Rohit Ashok and Aggarwal, Deepti and Pasumarthy, Nandini	10.1145/3491102.3517651	CHI
192	Understanding the Online Social Support Dynamics for Postpartum Depression	2023	Progga, Farhat Tasnim and Senthil Kumar, Avanthika and Rubya, Sabirat	10.1145/3544548.3581311	CHI
193	Understanding User Experiences Across VR Walking-in-place Locomotion Methods	2022	Tan, Chek Tien and Foo, Leon Cewei and Yeo, Adriel and Lee, Jeannie Su Ann and Wan, Edmund and Kok, Xiao-Feng Kenan and Rajendran, Megani	10.1145/3491102.3501975	CHI
194	User Perspectives and Ethical Experiences of Apps for Depression: A Qualitative Analysis of User Reviews	2022	Bowie-DaBreo, Dionne and Sas, Corina and Iles-Smith, Heather and S\"{u}nram-Lea, Sandra	10.1145/3491102.3517498	CHI
195	Using Job Characteristics to Inform Interface Design for Industrial Maintenance Procedures	2021	Woods, Caitlin and Griffin, Mark A. and French, Tim and Hodkiewicz, Melinda	10.1145/3411764.3445053	CHI
197	Vibing Together: Dance Experiences in Social Virtual Reality	2022	Piitulainen, Roosa and H\"{a}m\"{a}l\"{a}inen, Perttu and Mekler, Elisa D	10.1145/3491102.3501828	CHI
198	Visualizing Instructions for Physical Training: Exploring Visual Cues to Support Movement Learning from Instructional Videos	2022	Semeraro, Alessandra and Turmo Vidal, Laia	10.1145/3491102.3517735	CHI
199	What is User Engagement?: A Systematic Review of 241 Research Articles in Human-Computer Interaction and Beyond	2025	Jansen, Bernard J and Guan, Kathleen W and Salminen, Joni and Aldous, Kholoud Khalil and Jung, Soon-Gyo	10.1145/3706598.3713505	CHI
200	What Matters in Professional Drone Pilots’ Practice? An Interview Study to Understand the Complexity of Their Work and Inform Human-Drone Interaction Research	2021	Ljungblad, Sara and Man, Yemao and Bayta\c{s}, Mehmet Ayd\i{}n and Gamboa, Mafalda and Obaid, Mohammad and Fjeld, Morten	10.1145/3411764.3445737	CHI
201	“Being Simple on Complex Issues” – Accounts on Visual Data Communication About Climate Change	2024	R. Schuster; K. Gregory; T. Möller; L. Koesten	10.1109/TVCG.2024.3352282	VIS
202	“I Came Across a Junk”: Understanding Design Flaws of Data Visualization from the Public's Perspective	2025	X. Lan; Y. Liu	10.1109/TVCG.2024.3456341	VIS
203	“I was Truly Able to Express the Image of Myself that I have within”: Exploring VR Group Therapy Approaches with the LGBTQIA+ Community	2025	K. Skierś; D. Peng; A. Kundu; T. Person; K. Takase; T. Nagoshi; S. Nakayama; Y. Yuichiro; T. Miyazaki; K. Minamizawa; G. Barbareschi	10.1109/TVCG.2025.3616754	VIS
204	A Design Space for Applying the Freytag's Pyramid Structure to Data Stories	2022	L. Yang; X. Xu; X. Lan; Z. Liu; S. Guo; Y. Shi; H. Qu; N. Cao	10.1109/TVCG.2021.3114774	VIS
206	A Qualitative Analysis of Common Practices in Annotations: A Taxonomy and Design Space	2025	M. D. Rahman; G. J. Quadri; B. Doppalapudi; D. A. Szafir; P. Rosen	10.1109/TVCG.2024.3456359	VIS
207	A Typology of Decision-Making Tasks for Visualization	2025	C. D. Brumar; S. Molnar; G. Appleby; K. Potter; R. Chang	10.1109/TVCG.2025.3572842	VIS
208	A Virtual Reality Memory Palace Variant Aids Knowledge Retrieval from Scholarly Articles	2021	F. Yang; J. Qian; J. Novotny; D. Badre; C. D. Jackson; D. H. Laidlaw	10.1109/TVCG.2020.3009003	VIS
209	AdaVis: Adaptive and Explainable Visualization Recommendation for Tabular Data	2024	S. Zhang; H. Li; H. Qu; Y. Wang	10.1109/TVCG.2023.3316469	VIS
210	Affective Learning Objectives for Communicative Visualizations	2023	E. Lee-Robbins; E. Adar	10.1109/TVCG.2022.3209500	VIS
211	Affective Visualization Design: Leveraging the Emotional Impact of Data	2024	X. Lan; Y. Wu; N. Cao	10.1109/TVCG.2023.3327385	VIS
214	Animated Vega-Lite: Unifying Animation with a Grammar of Interactive Graphics	2023	J. Zong; J. Pollock; D. Wootton; A. Satyanarayan	10.1109/TVCG.2022.3209369	VIS
215	Are Metrics Enough? Guidelines for Communicating and Visualizing Predictive Models to Subject Matter Experts	2024	A. Suh; G. Appleby; E. W. Anderson; L. Finelli; R. Chang; D. Cashman	10.1109/TVCG.2023.3259341	VIS
216	Attention-Aware Visualization: Tracking and Responding to User Perception Over Time	2025	A. Srinivasan; J. Ellemose; P. W. S. Butcher; P. D. Ritsos; N. Elmqvist	10.1109/TVCG.2024.3456300	VIS
217	Augmenting Immersive Telepresence Experience with a Virtual Body	2022	N. Arora; M. Suomalainen; M. Pouke; E. G. Center; K. J. Mimnaugh; A. P. Chambers; S. Pouke; S. M. LaValle	10.1109/TVCG.2022.3150473	VIS
218	Average Estimates in Line Graphs Are Biased Toward Areas of Higher Variability	2024	D. Moritz; L. M. Padilla; F. Nguyen; S. L. Franconeri	10.1109/TVCG.2023.3326589	VIS
219	Behavioral and Symbolic Fillers as Delay Mitigation for Embodied Conversational Agents in Virtual Reality	2025	D. M. Gonzales; S. Kalamkar; S. Jörg; J. Grubert	10.1109/TVCG.2025.3616865	VIS
220	Beyond Mute and Block: Adoption and Effectiveness of Safety Tools in Social VR, from Ubiquitous Harassment to Social Sculpting	2025	M. Weerasinghe; S. Macdonald; C. Fiani; J. O'Hagan; M. Chollet; M. McGill; M. Khamis	10.1109/TVCG.2025.3549860	VIS
221	Beyond Vision Impairments: Redefining the Scope of Accessible Data Representations	2024	B. L. Wimer; L. South; K. Wu; D. A. Szafir; M. A. Borkin; R. A. Metoyer	10.1109/TVCG.2024.3356566	VIS
222	Breaking the Fourth Wall of Data Stories through Interaction	2023	Y. Shi; T. Gao; X. Jiao; N. Cao	10.1109/TVCG.2022.3209409	VIS
224	ChartWalk: Navigating large collections of text notes in electronic health records for clinical chart review	2023	N. Sultanum; F. Naeem; M. Brudno; F. Chevalier	10.1109/TVCG.2022.3209444	VIS
225	Collaborative Forensic Autopsy Documentation and Supervised Report Generation Using a Hybrid Mixed-Reality Environment and Generative AI	2024	V. Pooryousef; M. Cordeil; L. Besançon; R. Bassed; T. Dwyer	10.1109/TVCG.2024.3456212	VIS
226	Collaborative Sense-Making in Genomic Research: The Role of Visualisation	2022	M. Rittenbruch; K. Vella; M. Brereton; J. M. Hogan; D. Johnson; J. Heinrich; S. O’Donoghue	10.1109/TVCG.2021.3090746	VIS
227	Communicating Uncertainty in Digital Humanities Visualization Research	2023	G. Panagiotidou; H. Lamqaddam; J. Poblome; K. Brosens; K. Verbert; A. Vande Moere	10.1109/TVCG.2022.3209436	VIS
228	Communicating Visualizations without Visuals: Investigation of Visualization Alternative Text for People with Visual Impairments	2022	C. Jung; S. Mehta; A. Kulkarni; Y. Zhao; Y. -S. Kim	10.1109/TVCG.2021.3114846	VIS
229	Comparison of Visual Saliency for Dynamic Point Clouds: Task-free vs. Task-dependent	2025	X. Zhou; I. Viola; S. Rossi; P. Cesar	10.1109/TVCG.2025.3549863	VIS
230	Compress and Compare: Interactively Evaluating Efficiency and Behavior Across ML Model Compression Experiments	2025	A. Boggust; V. Sivaraman; Y. Assogba; D. Ren; D. Moritz; F. Hohman	10.1109/TVCG.2024.3456371	VIS
231	DataGarden: Formalizing Personal Sketches into Structured Visualization Templates	2025	A. Offenwanger; T. Tsandilas; F. Chevalier	10.1109/TVCG.2024.3456336	VIS
232	Deconstructing Categorization in Visualization Recommendation: A Taxonomy and Comparative Study	2022	D. J. -L. Lee; V. Setlur; M. Tory; K. Karahalios; A. Parameswaran	10.1109/TVCG.2021.3085751	VIS
233	Designing and Evaluating a VR Lobby for a Socially Enriching Remote Opera Watching Experience	2024	S. Lee; I. Viola; S. Rossi; Z. Guo; I. Reimat; K. Ławicka; A. Striner; P. Cesar	10.1109/TVCG.2024.3372081	VIS
234	Designing for Mobile and Immersive Visual Analytics in the Field	2020	M. Whitlock; K. Wu; D. A. Szafir	10.1109/TVCG.2019.2934282	VIS
235	Designing With Pictographs: Envision Topics Without Sacrificing Understanding	2022	A. Burns; C. Xiong; S. Franconeri; A. Cairo; N. Mahyar	10.1109/TVCG.2021.3092680	VIS
236	Don't They Really Hear Us? A Design Space for Private Conversations in Social Virtual Reality	2025	J. J. Limbago; R. Welsch; F. Müller; M. Di Francesco	10.1109/TVCG.2025.3549844	VIS
237	Dupo: A Mixed-Initiative Authoring Tool for Responsive Visualization	2024	H. Kim; R. Rossi; J. Hullman; J. Hoffswell	10.1109/TVCG.2023.3326583	VIS
238	Embellishments Revisited: Perceptions of Embellished Visualisations Through the Viewer's Lens	2024	M. Alebri; E. Costanza; G. Panagiotidou; D. P. Brumby	10.1109/TVCG.2023.3326914	VIS
239	Enhancing Consumer Insights Through VR Metaphor Elicitation	2025	S. P. Jyothula; A. E. Johnson	10.1109/TVCG.2025.3549905	VIS
240	Enhancing Data Literacy On-Demand: LLMs as Guides for Novices in Chart Interpretation	2025	K. Choe; C. Lee; S. Lee; J. Song; A. Cho; N. W. Kim; J. Seo	10.1109/TVCG.2024.3413195	VIS
241	Enhancing Empathy for Visual Impairments: A Multi-Modal Approach in VR Serious Games	2025	Y. Dong; H. Guo; J. Li	10.1109/TVCG.2025.3549900	VIS
242	Enhancing Obstacle Visibility with Augmented Reality Improves Mobility in People with Low Vision	2025	L. Maman; I. Vol; S. F. A. Szpiro	10.1109/TVCG.2025.3549542	VIS
243	Evaluation of Pointing Ray Techniques for Distant Object Referencing in Model-Free Outdoor Collaborative Augmented Reality	2022	Y. Li; I. A. Tahmid; F. Lu; D. A. Bowman	10.1109/TVCG.2022.3203094	VIS
244	Examining the Design Process for 3D Interactions in Performing Arts: A Spatial Augmented Reality Cyber-Opera Case Study	2025	C. Arslan; F. Berthaut	10.1109/TVCG.2025.3549194	VIS
245	From Avatars to Agents: Self-Related Cues Through Embodiment and Personalization Affect Body Perception in Virtual Reality	2024	M. L. Fiedler; E. Wolf; N. Döllinger; D. Mal; M. Botsch; M. E. Latoschik; C. Wienrich	10.1109/TVCG.2024.3456211	VIS
246	From Instruction to Insight: Exploring the Functional and Semantic Roles of Text in Interactive Dashboards	2025	N. Sultanum; V. Setlur	10.1109/TVCG.2024.3456601	VIS
247	From Jam Session to Recital: Synchronous Communication and Collaboration Around Data in Organizations	2022	M. Brehmer; R. Kosara	10.1109/TVCG.2021.3114760	VIS
248	From Shielding to Avoidance: Passenger Augmented Reality and the Layout of Virtual Displays for Productivity in Shared Transit	2022	D. Medeiros; M. McGill; A. Ng; R. McDermid; N. Pantidi; J. Williamson; S. Brewster	10.1109/TVCG.2022.3203002	VIS
249	Generative Design Inspiration for Glyphs with Diatoms	2022	M. Brehmer; R. Kosara; C. Hull	10.1109/TVCG.2021.3114792	VIS
250	GenoREC: A Recommendation System for Interactive Genomics Data Visualization	2023	A. Pandey; S. L'Yi; Q. Wang; M. A. Borkin; N. Gehlenborg	10.1109/TVCG.2022.3209407	VIS
251	Githru: Visual Analytics for Understanding Software Development History Through Git Metadata Analysis	2021	Y. Kim; J. Kim; H. Jeon; Y. -H. Kim; H. Song; B. Kim; J. Seo	10.1109/TVCG.2020.3030414	VIS
253	HAT Swapping: Virtual Agents as Stand-Ins for Absent Human Instructors in Virtual Training	2025	J. Zhang; B. Han; Z. Dong; J. Topliss; M. Yousefi; G. A. Lee; S. Hoermann; W. Zhang; T. Piumsomboon	10.1109/TVCG.2025.3616749	VIS
254	Heuristics for Supporting Cooperative Dashboard Design	2024	V. Setlur; M. Correll; A. Satyanarayan; M. Tory	10.1109/TVCG.2023.3327158	VIS
255	How Do Viewers Synthesize Conflicting Information from Data Visualizations?	2023	P. Mantri; H. Subramonyam; A. L. Michal; C. Xiong	10.1109/TVCG.2022.3209467	VIS
256	How Immersion and Self-Avatars in VR Affect Learning Programming and Computational Thinking in Middle School Education	2023	D. Parmar; L. Lin; N. DSouza; S. Jörg; A. E. Leonard; S. B. Daily; S. V. Babu	10.1109/TVCG.2022.3169426	VIS
257	Human Factors at Play: Understanding the Impact of Conditioning on Presence and Reaction Time in Mixed Reality	2024	Y. Chandio; V. Interrante; F. M. Anwar	10.1109/TVCG.2024.3372120	VIS
258	Illuminating the Landscape of Differential Privacy: An Interview Study on the Use of Visualization in Real-World Deployments	2025	L. Panavas; A. Sarker; S. D. Bartolomeo; A. Sarvghad; C. Dunne; N. Mahyar	10.1109/TVCG.2024.3427733	VIS
259	Immersive Analytics as a Support Medium for Data-Driven Monitoring in Hydropower	2025	M. L. Medeiros; H. Kaufmann; J. Schmidt	10.1109/TVCG.2025.3549157	VIS
260	Implicit Error, Uncertainty and Confidence in Visualization: An Archaeological Case Study	2022	G. Panagiotidou; R. Vandam; J. Poblome; A. V. Moere	10.1109/TVCG.2021.3088339	VIS
261	Improving Visualization Interpretation Using Counterfactuals	2022	S. Kaul; D. Borland; N. Cao; D. Gotz	10.1109/TVCG.2021.3114779	VIS
262	Influence of Haptic Feedback on Perception of Threat and Peripersonal Space in Social VR	2025	V. Smekal; J. Hecquard; S. Kühne; N. Occidental; A. Lécuyer; M. Macé; B. de Gelder	10.1109/TVCG.2025.3549884	VIS
264	Integrating User Input in Automated Object Placement for Augmented Reality	2025	J. Safari Bazargani; A. Sadeghi-Niaraki; S. -M. Choi	10.1109/TVCG.2025.3583745	VIS
265	Introducing Layers of Meaning (LoM): A Framework to Reduce Semantic Distance of Visualization In Humanistic Research	2021	H. Lamqaddam; A. Vande Moere; V. Vanden Abeele; K. Brosens; K. Verbert	10.1109/TVCG.2020.3030426	VIS
266	Investigating the Effects of Haptic Illusions in Collaborative Virtual Reality	2025	Y. Weiss; J. Rasch; J. Fischer; F. Müller	10.1109/TVCG.2025.3616760	VIS
267	Is that My Heartbeat? Measuring and Understanding Modality-Dependent Cardiac Interoception in Virtual Reality	2023	A. El Ali; R. Ney; Z. M. C. van Berlo; P. Cesar	10.1109/TVCG.2023.3320228	VIS
268	Kineticharts: Augmenting Affective Expressiveness of Charts in Data Stories with Animation Design	2022	X. Lan; Y. Shi; Y. Wu; X. Jiao; N. Cao	10.1109/TVCG.2021.3114775	VIS
269	Knowledge Graphs in Practice: Characterizing their Users, Challenges, and Visualization Opportunities	2024	H. Li; G. Appleby; C. D. Brumar; R. Chang; A. Suh	10.1109/TVCG.2023.3326904	VIS
270	Learning Middle-Latitude Cyclone Formation up in the Air: Student Learning Experience, Outcomes, and Perceptions in a CAVE-Enabled Meteorology Class	2024	H. He; X. Xu; S. Li; F. Wang; I. Schroeder; E. M. Aldrich; S. D. Murrell; L. Xue; Y. Gu	10.1109/TVCG.2024.3372072	VIS
271	Litforager: Exploring Multimodal Literature Foraging Strategies in Immersive Sensemaking	2025	H. Yang; E. H. Faa; W. Liu; S. Guo; D. H. Chau; Y. Yang	10.1109/TVCG.2025.3616732	VIS
272	LLM Comparator: Interactive Analysis of Side-by-Side Evaluation of Large Language Models	2025	M. Kahng; I. Tenney; M. Pushkarna; M. X. Liu; J. Wexler; E. Reif; K. Kallarackal; M. Chang; M. Terry; L. Dixon	10.1109/TVCG.2024.3456354	VIS
273	LoCoMoTe – A Framework for Classification of Natural Locomotion in VR by Task, Technique and Modality	2024	C. Croucher; W. Powell; B. Stevens; M. Miller-Dicks; V. Powell; T. J. Wiltshire; P. Spronck	10.1109/TVCG.2023.3313439	VIS
274	Measurement of Empathy in Virtual Reality with Head-Mounted Displays: A Systematic Review	2024	Y. Lee; H. Shin; Y. -H. Gil	10.1109/TVCG.2024.3372076	VIS
275	MedChemLens: An Interactive Visual Tool to Support Direction Selection in Interdisciplinary Experimental Research of Medicinal Chemistry	2023	C. Shi; F. Nie; Y. Hu; Y. Xu; L. Chen; X. Ma; Q. Luo	10.1109/TVCG.2022.3209434	VIS
276	My Model is Unfair, Do People Even Care? Visual Design Affects Trust and Perceived Bias in Machine Learning	2024	A. Gaba; Z. Kaufman; J. Cheung; M. Shvakel; K. W. Hall; Y. Brun; C. X. Bearfield	10.1109/TVCG.2023.3327192	VIS
277	NFTracer: Tracing NFT Impact Dynamics in Transaction-Flow Substitutive Systems With Visual Analytics	2025	Y. Cao; Q. Shi; L. Shen; K. Chen; Y. Wang; W. Zeng; H. Qu	10.1109/TVCG.2024.3402834	VIS
278	NL2Color: Refining Color Palettes for Charts with Natural Language	2024	C. Shi; W. Cui; C. Liu; C. Zheng; H. Zhang; Q. Luo; X. Ma	10.1109/TVCG.2023.3326522	VIS
279	PDPilot: Exploring Partial Dependence Plots Through Ranking, Filtering, and Clustering	2025	D. Kerrigan; B. Barr; E. Bertini	10.1109/TVCG.2025.3545025	VIS
280	PhenoLines: Phenotype Comparison Visualizations for Disease Subtyping via Topic Models	2018	M. Glueck; M. P. Naeini; F. Doshi-Velez; F. Chevalier; A. Khan; D. Wigdor; M. Brudno	10.1109/TVCG.2017.2745118	VIS
281	Portable Silent Room: Exploring VR Design for Anxiety and Emotion Regulation for Neurodivergent Women and Non-Binary Individuals	2025	K. Skierś; Y. S. Pai; M. Nakagawa; K. Minamizawa; G. Barbareschi	10.1109/TVCG.2025.3616828	VIS
282	Preliminary Guidelines for Combining Data Integration and Visual Data Analysis	2024	A. Coscia; A. Suh; R. Chang; A. Endert	10.1109/TVCG.2023.3334513	VIS
283	PrompTHis: Visualizing the Process and Influence of Prompt Editing During Text-to-Image Creation	2025	Y. Guo; H. Shao; C. Liu; K. Xu; X. Yuan	10.1109/TVCG.2024.3408255	VIS
284	Radiance Fields in XR: A Survey on How Radiance Fields are Envisioned and Addressed for XR Research	2025	K. Li; M. Masuda; S. Schmidt; S. Mori	10.1109/TVCG.2025.3616794	VIS
285	Reaction Time as a Proxy for Presence in Mixed Reality with Distraction	2025	Y. Chandio; V. Interrante; F. M. Anwar	10.1109/TVCG.2025.3549575	VIS
286	Robust Optical Based Hand Interaction for Virtual Reality	2022	A. G. Worrallo; T. Hartley	10.1109/TVCG.2021.3083411	VIS
287	Selection Bias Tracking and Detailed Subset Comparison for High-Dimensional Data	2020	D. Borland; W. Wang; J. Zhang; J. Shrestha; D. Gotz	10.1109/TVCG.2019.2934209	VIS
288	Selection-Bias-Corrected Visualization via Dynamic Reweighting	2021	D. Borland; J. Zhang; S. Kaul; D. Gotz	10.1109/TVCG.2020.3030455	VIS
289	Self-Similarity Beats Motor Control in Augmented Reality Body Weight Perception	2025	M. L. Fiedler; M. Botsch; C. Wienrich; M. E. Latoschik	10.1109/TVCG.2025.3549851	VIS
291	Should I Evaluate My Augmented Reality System in an Industrial Environment? Investigating the Effects of Classroom and Shop Floor Settings on Guided Assembly	2024	V. Zhang; A. Albers; C. Saeedi-Givi; P. O. Kristensson; T. Bohné; S. Tadeja	10.1109/TVCG.2024.3456208	VIS
292	Sibyl: Understanding and Addressing the Usability Challenges of Machine Learning In High-Stakes Decision Making	2022	A. Zytek; D. Liu; R. Vaithianathan; K. Veeramachaneni	10.1109/TVCG.2021.3114864	VIS
293	SLInterpreter: An Exploratory and Iterative Human-AI Collaborative System for GNN-Based Synthetic Lethal Prediction	2025	H. Jiang; S. Shi; S. Zhang; J. Zheng; Q. Li	10.1109/TVCG.2024.3456325	VIS
294	Strange Familiars: Exploring the Design of Avatars and Virtual Environments for Reconnecting Dormant Ties in Virtual Reality	2025	Y. -T. Yen; F. -Y. Liao; C. -L. Yang; R. -C. Chang; F. -Y. Cherng; B. -Y. Chen	10.1109/TVCG.2025.3614445	VIS
295	Studying the Effects of Congruence of Auditory and Visual Stimuli on Virtual Reality Experiences	2022	H. Kim; I. -K. Lee	10.1109/TVCG.2022.3150514	VIS
296	StuGPTViz: A Visual Analytics Approach to Understand Student-ChatGPT Interactions	2025	Z. Chen; J. Wang; M. Xia; K. Shigyo; D. Liu; R. Zhang; H. Qu	10.1109/TVCG.2024.3456363	VIS
297	Supporting Expressive and Faithful Pictorial Visualization Design with Visual Style Transfer	2023	Y. Shi; P. Liu; S. Chen; M. Sun; N. Cao	10.1109/TVCG.2022.3209486	VIS
298	Survey on 3D Reconstruction Techniques: Large-Scale Urban City Reconstruction and Requirements	2025	A. Christodoulides; G. K. L. Tam; J. Clarke; R. Smith; J. Horgan; N. Micallef; J. Morley; N. Villamizar; S. Walton	10.1109/TVCG.2025.3540669	VIS
299	Tap into Reality: Understanding the Impact of Interactions on Presence and Reaction Time in Mixed Reality	2025	Y. Chandio; V. Interrantes; F. M. Anwar	10.1109/TVCG.2025.3549580	VIS
300	Telling Data Stories with the Hero's Journey: Design Guidance for Creating Data Videos	2025	Z. Wei; H. Qu; X. Xu	10.1109/TVCG.2024.3456330	VIS
301	The Design Space of the Auditory Representation of Objects and Their Behaviours in Virtual Reality for Blind People	2023	J. Guerreiro; Y. Kim; R. Nogueira; S. Chung; A. Rodrigues; U. Oh	10.1109/TVCG.2023.3247094	VIS
302	The Elicitation Interview Technique: Capturing People's Experiences of Data Representations	2016	T. Hogan; U. Hinrichs; E. Hornecker	10.1109/TVCG.2015.2511718	VIS
303	The Quest for Omnioculars: Embedded Visualization for Augmenting Basketball Game Viewing Experiences	2023	T. Lin; C. Zhu-Tian; Y. Yang; D. Chiappalupi; J. Beyer; H. Pfister	10.1109/TVCG.2022.3209353	VIS
304	The Unmet Data Visualization Needs of Decision Makers Within Organizations	2022	E. Dimara; H. Zhang; M. Tory; S. Franconeri	10.1109/TVCG.2021.3074023	VIS
306	TimeSplines: Sketch-Based Authoring of Flexible and Idiosyncratic Timelines	2024	A. Offenwanger; M. Brehmer; F. Chevalier; T. Tsandilas	10.1109/TVCG.2023.3326520	VIS
307	Towards Understanding Sensory Substitution for Accessible Visualization: An Interview Study	2022	P. Chundury; B. Patnaik; Y. Reyazuddin; C. Tang; J. Lazar; N. Elmqvist	10.1109/TVCG.2021.3114829	VIS
308	Towards Visualization Thumbnail Designs That Entice Reading Data-Driven Articles	2024	H. Kim; J. Kim; Y. Han; H. Hong; O. -S. Kwon; Y. -W. Park; N. Elmqvist; S. Ko; B. C. Kwon	10.1109/TVCG.2023.3278304	VIS
309	Traces in Virtual Environments: A Framework and Exploration to Conceptualize the Design of Social Virtual Environments	2022	L. Hirsch; C. George; A. Butz	10.1109/TVCG.2022.3203092	VIS
310	TrustME: A Context-Aware Explainability Model to Promote User Trust in Guidance	2025	M. Musleh; R. G. Raidou; D. Ceneda	10.1109/TVCG.2025.3562929	VIS
311	Understanding Barriers to Network Exploration with Visualization: A Report from the Trenches	2023	M. AlKadi; V. Serrano; J. Scott-Brown; C. Plaisant; J. -D. Fekete; U. Hinrichs; B. Bach	10.1109/TVCG.2022.3209487	VIS
312	Understanding Data Visualization Design Practice	2022	P. Parsons	10.1109/TVCG.2021.3114959	VIS
313	Understanding How In-Visualization Provenance Can Support Trade-Off Analysis	2023	M. Chakhchoukh; N. Boukhelifa; A. Bezerianos	10.1109/TVCG.2022.3171074	VIS
314	Understanding Visualization Authoring Techniques for Genomics Data in the Context of Personas and Tasks	2025	A. van den Brandt; S. L'Yi; H. N. Nguyen; A. Vilanova; N. Gehlenborg	10.1109/TVCG.2024.3456298	VIS
315	Untidy Data: The Unreasonable Effectiveness of Tables	2022	L. Bartram; M. Correll; M. Tory	10.1109/TVCG.2021.3114830	VIS
316	Virtual Animals as Diegetic Attention Guidance Mechanisms in 360-Degree Experiences	2021	N. Norouzi; G. Bruder; A. Erickson; K. Kim; J. Bailenson; P. Wisniewski; C. Hughes; G. Welch	10.1109/TVCG.2021.3106490	VIS
317	Visual Analysis of High-Dimensional Event Sequence Data via Dynamic Hierarchical Aggregation	2020	D. Gotz; J. Zhang; W. Wang; J. Shrestha; D. Borland	10.1109/TVCG.2019.2934661	VIS
318	Visual Cue Effects on a Classification Accuracy Estimation Task in Immersive Scatterplots	2023	F. Yang; J. Tompkin; L. Harrison; D. H. Laidlaw	10.1109/TVCG.2022.3192364	VIS
319	Visual Perceptual Confidence: Exploring Discrepancies Between Self-reported and Actual Distance Perception In Virtual Reality	2024	Y. Hmaiti; M. Maslych; A. Ghasemaghaei; R. K. Ghamandi; J. J. LaViola	10.1109/TVCG.2024.3456165	VIS
320	Visualization According to Statisticians: An Interview Study on the Role of Visualization for Inferential Statistics	2024	E. Newburger; N. Elmqvist	10.1109/TVCG.2023.3326521	VIS
321	Visualization Atlases: Explaining and Exploring Complex Topics Through Data, Visualization, and Narration	2025	J. Wang; X. Shu; B. Bach; U. Hinrichs	10.1109/TVCG.2024.3456311	VIS
322	Visualization Design Practices in a Crisis: Behind the Scenes with COVID-19 Dashboard Creators	2023	Y. Zhang; Y. Sun; J. D. Gaggiano; N. Kumar; C. Andris; A. G. Parker	10.1109/TVCG.2022.3209493	VIS
323	Visualization for Diagnostic Review of Copy Number Variants in Complex DNA Sequencing Data	2025	E. Ståhlbom; J. Molin; C. Lundström; A. Ynnerman	10.1109/TVCG.2024.3385118	VIS
324	VR Whispering: A Multisensory Approach for Private Conversations in Social Virtual Reality	2025	X. Wang; K. Peng; C. Hao; W. Yu; X. Yi; H. Li	10.1109/TVCG.2025.3549579	VIS
325	When Refreshable Tactile Displays Meet Conversational Agents: Investigating Accessible Data Presentation and Analysis with Touch and Speech	2025	S. Reinders; M. Butler; I. Zukerman; B. Lee; L. Qu; K. Marriott	10.1109/TVCG.2024.3456358	VIS
326	Words of Estimative Correlation: Studying Verbalizations of Scatterplots	2022	R. Henkin; C. Turkay	10.1109/TVCG.2020.3023537	VIS
327	You can't always sketch what you want: Understanding Sensemaking in Visual Query Systems	2020	D. J. -L. Lee; J. Lee; T. Siddiqui; J. Kim; K. Karahalios; A. Parameswaran	10.1109/TVCG.2019.2934666	VIS
328	It's Reducing a Human Being to a Percentage': Perceptions of Justice in Algorithmic Decisions	2018		10.1145/3173574.3173951	CHI
329	The Role of Gaming During Difficult Life Experiences	2019		10.1145/3290605.3300453	CHI
330	Gabber: Supporting Voice in Participatory Qualitative Practices	2019		10.1145/3290605.3300607	CHI
331	Exploring Media Capture of Meaningful Experiences to Support Families Living with Dementia	2019		10.1145/3290605.3300653	CHI
332	Computing Students' Learning Difficulties in HCI Education	2020		10.1145/3313831.3376149	CHI
333	Relational, Flexible, Everyday: Learning from Ethics in Dementia Research	2020		10.1145/3313831.3376627	CHI
334	Creativity on Paid Crowdsourcing Platforms	2020		10.1145/3313831.3376677	CHI
335	“I’m hoping they’re an ethical company that won’t do anything that I’ll regret”: Users’ Perceptions of At-home DNA Testing Companies	2020		10.1145/3313831.3376800	CHI
336	Tag a Teacher: A Qualitative Analysis of WhatsApp-Based Teacher Networks in Low-Income Indian Schools	2021		10.1145/3411764.3445221	CHI
337	Sketchnote Components, Design Space Dimensions, and Strategies for Effective Visual Note Taking	2021		10.1145/3411764.3445508	CHI
338	Standardizing Reporting of Participant Compensation in HCI: A Systematic Literature Review and Recommendations for the Field	2021		10.1145/3411764.3445734	CHI
339	Designing for Speech Practice Systems: How Do User-Controlled Voice Manipulation and Model Speakers Impact Self-Perceptions of Voice?	2022		10.1145/3491102.3502093	CHI
340	How Will VR Enter University Classrooms? Multi-stakeholders Investigation of VR in Higher Education	2022		10.1145/3491102.3517542	CHI
341	What's the Appeal? Perceptions of Review Processes for Algorithmic Decisions	2022		10.1145/3491102.3517606	CHI
342	Different Researchers, Different Results? Analyzing the Influence of Researcher Experience and Data Type During Qualitative Analysis of an Interview and Survey Study on Security Advice	2023		10.1145/3544548.3580766	CHI
343	Disentangling Fairness Perceptions in Algorithmic Decision-Making: the Effects of Explanations, Human Oversight, and Contestability	2023		10.1145/3544548.3581161	CHI
344	Playing with Power Tools: Design Toolkits and the Framing of Equity	2023		10.1145/3544548.3581490	CHI
345	How Users Experience Closed Captions on Live Television: Quality Metrics Remain a Challenge	2024		10.1145/3613904.3641988	CHI
346	#PoetsOfInstagram: Navigating The Practices And Challenges Of Novice Poets On Instagram	2024		10.1145/3613904.3642173	CHI
347	A Scoping Study of Evaluation Practices for Responsible AI Tools: Steps Towards Effectiveness Evaluations	2024		10.1145/3613904.3642398	CHI
348	Recordkeeping in Voice-based Remote Community Engagement	2024		10.1145/3613904.3642779	CHI
349	Third-Party Developers and Tool Development For Community Management on Live Streaming Platform Twitch	2024		10.1145/3613904.3642787	CHI
350	The Effects of Generative AI on Design Fixation and Divergent Thinking	2024		10.1145/3613904.3642919	CHI
351	Oral History and Qualitative Analysis with Youth: Cultivating Attachments to Create Publics	2025		10.1145/3706598.3713687	CHI
352	Making the Write Connections: Linking Writing Support Tools with Writer Needs	2025		10.1145/3706598.3713161	CHI
353	Diving into the Abyss: Exploring Deep Sea Connection and Curiosity through Virtual Reality	2025		10.1145/3706598.3713833	CHI
354	Movement Sonification of Familiar Music to Support the Agency of People with Chronic Pain	2025		10.1145/3706598.3713601	CHI
355	"As an Autistic Person Myself:" The Bias Paradox Around Autism in LLMs	2025		10.1145/3706598.3713420	CHI
356	Data Bias Recognition in Museum Settings: Framework Development and Contributing Factors	2025		10.1145/3706598.3714092	CHI
357	Haptic Empathy: Investigating Individual Differences in Affective Haptic Communications	2025		10.1145/3706598.3714139	CHI
358	Exploratory Visual Analysis of Transcripts for Interaction Analysis in Human-Computer Interaction	2025		10.1145/3706598.3713490	CHI
